,Name,SMILES,Δ{v_m},Δ{α_P},Δ{κ_T},Δ{ε_r},Δ{ΔH_{vap}},SEM(Δ{v_m}),SEM(Δ{α_P}),SEM(Δ{κ_T}),SEM(Δ{ε_r}),SEM(Δ{ΔH_{vap}}),Classical(n_H),SEM(Classical(n_H)),m_W,Classical(ρ),SEM(Classical(ρ)),Classical(v_m),Classical(α_P),Classical(κ_T),Classical(ε_r),Classical(ΔH_{vap}),"PI,H(v_m)","PI,H(α_P)","PI,H(κ_T)","PI,H(ε_r)","PI,H(ΔH_{vap})","PI,D(v_m)","PI,D(α_P)","PI,D(κ_T)","PI,D(ε_r)","PI,D(ΔH_{vap})",SEM(Classical(v_m)),SEM(Classical(α_P)),SEM(Classical(κ_T)),SEM(Classical(ε_r)),SEM(Classical(ΔH_{vap})),"SEM(PI,H(v_m))","SEM(PI,H(α_P))","SEM(PI,H(κ_T))","SEM(PI,H(ε_r))","SEM(PI,H(ΔH_{vap}))","SEM(PI,D(v_m))","SEM(PI,D(α_P))","SEM(PI,D(κ_T))","SEM(PI,D(ε_r))","SEM(PI,D(ΔH_{vap}))"
0,"butane-1,4-diol",OCCCCO,1.6955759327603899,2.3620845691003303,8.119289134563601,1.1085002297037752,-2.6561708650091327,0.018321826236234552,12.450212391052888,3.1683977709151887,3.7921385169127393,2.726770799946623,0.11769007701402562,5.5058168322254115e-06,5.6292549725,1.0600119219921786,4.9589834848766557e-05,85.0199877208094,0.720291497600069,0.35864138798556866,16.777843717550518,75.41100474893156,86.48643082701574,0.7377169969486228,0.39033371053345,16.96591087861126,73.45978728165846,85.93894971997585,0.0007323956391711954,0.37976715309696474,17.51927280434816,74.88482817915838,0.003977203340086612,0.041154298363490105,0.00450292513337024,0.3920544341140184,0.30634036915821383,0.010846063727261344,0.05806141704691912,0.008144764655936035,0.36070719424698866,1.399729470648017,0.005308440437877671,2.4272998791645508e-05,0.00754378814369731,0.18428633673581205,1.9838740387228992
1,2-iodopropane,CC(C)I,1.468087394910998,5.25133331284359,5.248276058273694,-1.2809196653234867,-2.745961797714577,0.017691972936640894,6.827951133841503,4.071125572420395,1.0233582656004325,3.793654154894977,0.07387200510597046,6.275775185688581e-06,15.450840747636363,1.7936043503728898,0.00015237514751178073,94.77734241955808,1.0366690347202678,0.8544190955710772,1.7075506572557797,36.42787581287277,96.18948817062036,1.0941251956010827,0.9017451715143013,1.6859549290214533,35.45431389760279,95.65025985136603,0.0010985523420739168,0.8969686679797668,1.7045811124009567,36.510285489829585,0.008051401452795317,0.031161945250417978,0.007986205323452303,0.010783201217061947,0.09280058134687348,0.010601440266446285,0.04801025652352803,0.02533703943748595,0.009523680287871586,0.9488021007814172,0.004577546166253044,1.332400603690905e-05,0.007711262844510854,0.009134202629732925,0.9062900742583365
2,propan-2-one,CC(C)=O,2.453569319448304,9.483264166241076,11.972945489604708,-0.9643403450668571,-2.597620721275093,0.011984407548832102,2.3213695437740243,4.310585672128556,2.383031726243943,3.8406191723180556,0.08625503912565706,2.9825472036177255e-06,5.8041864812,0.8344005533808596,2.885210026463144e-05,69.60690518839411,1.261829614300905,0.8801814865785602,14.392396791268219,34.501278245111266,71.35771622064279,1.3940290739365082,0.9998988282342423,14.254930742952588,33.62775666975767,70.69754503515163,0.0013760522041051377,0.9210005341761711,14.203962230677885,33.38432226987538,0.002406816029813237,0.016991527469917795,0.0014901409911549882,0.1237892219787539,0.10402959420735623,0.005802607680605231,0.019474268265744422,0.03045913988439356,0.22368727486908793,0.9102709586230159,0.011854018294596839,3.6991832385338044e-05,0.022076797275975384,0.14284149344445735,0.7510571932823912
3,"propane-1,2,3-triol",OCC(O)CO,1.4611380771508273,0.4180398661825862,11.80556173976719,4.699414718420754,-0.4294013021756787,0.15174051498547753,42.09449425949848,6.394800768753424,9.354189073148612,8.064112988840275,0.11371325524481891,0.00014900215100552394,6.574810294000001,1.3083753920087986,0.0017144065334537071,70.38896823772988,0.5314800584890034,0.2350946655884115,4.163822181808991,80.72871099170965,71.43269859645913,0.5337111840084336,0.2665640489649975,4.369146495277422,80.38354301128425,71.05165160566469,0.00038598799290105203,0.24713472767831368,4.533826844066934,76.32193311987339,0.09214299497873758,0.17179616041226864,0.0039204477917229525,0.21873288967672022,2.176016956892057,0.04036439563450185,0.10237078072440414,0.01173039603378933,0.2441210369019759,4.317645357624713,0.039846687637577274,7.621314513554898e-05,0.005961526983760687,0.07806846604650552,0.850313093180893
4,"2,6-dimethylheptan-4-one",CC(C)CC(=O)CC(C)C,2.34280218169008,-6.015612445962687,6.5554543484650045,8.885508271658681,1.1797120570507023,0.026405857397924618,10.993429587010063,2.120846660747317,8.401035868589911,1.8182516581153423,0.11278045683718131,1.0348908694888984e-05,5.076277328428572,0.8905631406504008,8.171944757175462e-05,159.72064989078174,0.9475704606756568,0.5771508415075313,11.497083698619647,66.29031509804135,163.55235810466337,0.8938027511359649,0.6176399462198578,12.618282207948113,67.0816858338967,162.11401145496225,0.0010227742025414206,0.5991276889316848,11.48126994545889,68.15563906664192,0.014657701565310976,0.01906788302486935,0.008590138614968146,0.6132740888426818,0.40516475474758085,0.028725454873496037,0.0681592258278531,0.006992798402739669,0.6114064501863841,0.8134935260658119,0.025139889799652884,8.430574040418375e-05,0.008837638189649834,0.5095743175941121,1.177863156492657
5,"1,2-dibromoethane",BrCCBr,0.5494080632308511,14.34478162729662,3.4452780240170644,-0.7234463374097205,-0.27610975446237157,0.018000469133978625,5.062310411896209,2.6641063369323152,1.2761724874513334,2.6429123240789583,0.04738265382773051,2.2728991751126507e-06,23.233496791,2.2017294713112814,0.00010561479138249261,85.32463399551062,0.8243351723972451,0.6065483718733727,3.5351322090390416,41.67122742740682,85.79600416029717,0.9623875673404907,0.6281913089908185,3.5097411154864915,41.55648591618046,85.62822269069021,0.0009646289923418193,0.6187001454386568,3.5849694982525504,40.564678868465194,0.004092748204395373,0.01835228579681684,0.008053616193201586,0.03482965378002482,0.4415189163947826,0.01052988044497611,0.03191190257213691,0.010373581852994107,0.01991319556440438,0.7111002757775491,0.008504002443569731,7.112859969762257e-06,0.008766350495242605,0.031183884199013082,0.8405046250024992
6,methanal,C=O,5.472755757670413,37.48818154976216,28.12292584707947,-9.531899209604118,1.0691054492629517,0.06440322793394815,5.08192796255422,5.8609408779476295,2.413933923868975,1.4025172682009701,0.0449319339423924,9.73300467864827e-06,7.502641171,0.6742163549776911,0.00014604648323912427,44.53508729671337,4.0721209226929345,7.168469817941023,15.186673419132434,16.584569864804187,47.113493737893634,6.514161679578274,9.973235419530154,13.865069015256166,16.763792483751104,46.08770149101795,0.005961620598625655,8.719149070243523,14.030566946496029,16.481937465821204,0.009644882611855699,0.11064967685899035,0.10772677145406852,0.1630847631189927,0.13007448014936143,0.020342692387143365,0.22062121796385722,0.4062418755182726,0.20666781189843608,0.13849139417592596,0.021567662176376318,0.0002427470709022898,0.18368823364808917,0.31445742704648766,0.5475061255508109
7,2-(2-hydroxyethylamino)ethanol,OCCNCCO,1.677058090232457,12.684849873695992,6.758030968291959,-3.895636161303711,-2.4268824063046694,0.020149863687056072,6.266589212119819,3.282700713431097,4.92992287103074,2.4150273953556183,0.12009926523798464,1.1637902163921285e-05,5.837721032888889,1.1472643746233744,0.00011117262475804319,91.64137341646683,0.7587980938027846,0.33651197645006914,15.776984905682687,76.10544425045504,93.20446646172113,0.8690337160334263,0.3609018341682963,15.185416335665963,74.30221682288607,92.65973366232416,0.0008321122418469493,0.35071674592459456,17.055996938872504,73.2874261807167,0.008881892526052338,0.040774259489679526,0.004429015566140337,0.4633161986724497,0.5912605162751764,0.01170089537591316,0.025526630510868988,0.007769909271495335,0.4158028068209937,1.1979879299329113,0.015158311675614707,1.8810720693850082e-05,0.008069353811054714,1.0451339531750208,0.4990989361993987
8,chloroethane,CCCl,1.9348876527189196,17.626055814928264,9.51082836456815,-2.7231272652883836,-4.9625194569093605,0.022235103921139542,4.915570399390277,2.8252056707765476,1.9697880756385098,4.206309028475902,0.07269470661724409,5.871377913819356e-06,8.00099723,0.9306082340483722,7.516300547960296e-05,69.32498435118538,1.4313371102444592,1.3778364757587267,6.515159400495292,26.622316022820108,70.69281081908377,1.737609051508613,1.522653430080934,6.342446510287326,25.36364043142987,70.18573606514823,0.0017019787762694617,1.3878794556671539,6.564110350841703,26.325936157751357,0.00559888771688359,0.04055348839333902,0.010476639057541086,0.060987412336471966,0.1183122686877238,0.010385746710727535,0.053154787312000296,0.029502509994027065,0.07709970435815651,0.7497400926557678,0.008762746217123208,2.8730952902092625e-05,0.018396280711667448,0.09373813844640283,1.0340251822371367
9,(2-hydroxyethoxy)ethan-2-ol,OCCOCCO,1.5069376197612856,6.787575226337565,3.4682962229653573,3.433738548144559,-2.5524936020750477,0.01710276957997484,5.1598455023926455,2.156908540057487,1.6289134092069417,1.1342801937971314,0.1084799891968574,7.436584102757689e-06,6.238999657647059,1.150571246283275,7.887463764098693e-05,92.2338376166202,0.8346967471237848,0.39341598773983055,10.681848155291569,72.91407753090488,93.64500949370995,0.8954779892815662,0.4075510659674341,11.061677230423966,71.09927313306162,93.15453119527257,0.0008527187696687381,0.4104065045132808,10.37266569524497,71.68047239887619,0.006322454239639673,0.043317537786430535,0.0010563532276446697,0.1495163824045285,0.5915230486894197,0.0104051744623858,0.01136923237858849,0.006170780906154922,0.07110392886153588,0.38761207132737413,0.009016465314406147,4.244225703905916e-05,0.0097423964707116,0.28119968899486747,0.567350476289029
10,1-butoxybutane,CCCCOCCCC,2.3617506536378854,9.808188848498872,13.639821796688148,0.266948116386078,-2.542815797237715,0.010688655702785906,8.141302361757855,2.1851108916472266,1.2367136806308465,3.612314609148105,0.11469362459691841,1.0429832841992084e-05,4.8198431554074075,0.8292079222234857,7.540523765327839e-05,157.05388207318177,1.0014175239562622,0.7333623677568661,1.936226488181395,56.807603808715044,160.85282471221757,1.110319785322988,0.8491904289849441,1.9414090430531745,55.398911534712624,159.3350370111254,0.0010445248603724166,0.8131946966385234,1.9190262332393266,55.51053904202854,0.014282983973903561,0.02056664488431744,0.008587124779781394,0.019074691026119313,0.38418544899344326,0.006767413712890179,0.062242176634010334,0.011631363653568559,0.010310685596702215,1.388728706213101,0.020498084678705213,2.1890378646112046e-05,0.015801014761321126,0.006737815692423431,1.4598150022516239
11,2-methylpropan-2-ol,CC(C)(C)O,2.9244407839425572,8.098691003684005,10.528509102206593,-14.906817633511173,-4.427665152805767,0.026195713943193897,12.433023062493874,5.060563107874122,4.677686459176153,2.5770684407375692,0.11262899592608222,2.147176216610805e-05,4.938210996,0.8342786192259276,0.00015904813804825733,88.84658718537277,1.194902204720346,0.8112430485218112,7.12213618387208,48.94411566139919,91.52312683322302,1.300201507214925,0.9067056336956809,6.198184172663916,46.86891695776285,90.44251535335324,0.0012576560032028466,0.8917365211019594,6.763406695500139,47.51699501656731,0.01693396942521287,0.05106536054349568,0.019097155081509287,0.27302121316196415,0.12519505669699588,0.012000996824439603,0.10845381246765257,0.029501506926531213,0.06899189249347637,0.8494743930849705,0.012441588012678313,5.253671668075753e-05,0.021186255338036905,0.35964293485784393,1.2893379704626882
12,(E)-hex-2-ene,CCC/C=C/C,2.635401757687162,1.7021488002156837,10.065780986256435,-0.10811943670281464,-0.9752835983284949,0.022716659099293886,5.178271468735656,5.243182278279971,0.06482445228030663,2.1783457341249255,0.10567283640427866,4.77274636611402e-06,4.671883354666666,0.7405367481563447,3.344657145584086e-05,113.64902649946558,1.165905489259781,0.9034016490708404,1.0389795878794903,41.12801054175863,116.72520459297272,1.1860945839906003,1.004513809068364,1.037857462237541,40.73077002225864,115.50201852639431,0.0012107584123182272,0.9843361838808214,1.0385671717837535,40.24245466863067,0.005133047023024416,0.03064727299582906,0.004531021590246072,0.0004941745124335005,0.3006299999149766,0.018395021437195697,0.037636833497779444,0.03710417553544372,0.0003228248490769417,0.5902739074717589,0.007364063024694742,1.6967547162118554e-05,0.009957169604154147,0.00020205397864577322,1.4030303838215368
13,methanoic_acid,OC=O,1.233332406146875,13.392697266603822,4.164736993656089,-33.09189309769309,-31.88839515771601,0.10357049372491302,4.835771466354213,2.4694449126133766,19.31259761913674,17.206919698105885,0.05191334967780668,3.180366112070424e-05,9.201095860799999,1.1941492671018252,0.0007315713367399943,38.542695713458954,1.0662692739642126,0.6203107576770825,671.3533404258943,47.87950376238562,39.02399124363867,1.2311540023899787,0.6472677574182902,504.4284252032561,36.30304524149369,38.83041861958456,0.0011800304725470602,0.6090215781559988,739.9754538565884,47.64762190893225,0.02361965188815012,0.023563811905300814,0.0033712065464929658,77.49985113377544,0.06398243431234177,0.023191307098460293,0.038660428931134624,0.011048092314382736,41.73778268711037,4.416806855582427,0.024844924938410697,1.9936113117912525e-05,0.007837196815784977,90.26867205774502,0.32378403705553066
14,"N,N-dimethylformamide",CN(C)C=O,1.952012959229001,-0.7399154971089518,7.3887139103791,-1.8291969220796382,-1.8046286573405654,0.018460008862097223,5.927521574656186,1.9016470213467005,0.5758345886428071,1.9023890347778707,0.09461224979619967,3.3927718819164934e-06,6.087730320333333,0.9873837630159017,3.5407337580887006e-05,74.02868369916357,1.0693302851460402,0.6054350664510508,19.57340556820821,45.87729980165691,75.50250232917116,1.061476257816325,0.6537378887764986,19.221800976379992,45.064060845478025,74.94219314301017,0.0010949567571461108,0.621455141346686,19.27336630157953,45.772918478258816,0.0026547607398751823,0.024025021001761154,0.00519390986078489,0.053062289529135366,0.16577809645109123,0.009675061745242387,0.04111951116661094,0.007986633539625768,0.06868673456442205,0.5947563367516487,0.006935115030220592,7.110310512692075e-06,0.022083531103610877,0.3917528018961725,0.415678973163648
15,bromoethane,CCBr,1.4934703132513456,6.879681460937202,3.6803343230876617,-2.4877362129161487,-0.894294130285064,0.02215487601522099,2.173555043932228,1.5745764523496912,1.3988727882461556,2.700312454702188,0.06994954999762187,2.656373397304588e-06,13.4946827825,1.5103151807944495,5.735506615759562e-05,72.14765623564037,1.2161944252559995,0.9879239250393084,6.3158009670926,30.48010203075495,73.24149623895019,1.306046246766028,1.0256720868956588,6.162494363200349,30.209936343274194,72.83111078004251,0.0013822771493356438,0.9833987584475925,6.203038713193638,31.98343041333294,0.00273981584990294,0.01759819070028666,0.005310621071965969,0.0125833812494411,0.09083657449182167,0.011309172065805123,0.015750578597629204,0.010784700233485645,0.060303562437582704,0.5732440389706525,0.022340752356161675,2.493127475845545e-05,0.020147983244235213,0.07088940143528494,0.8085440661339129
16,N-methylacetamide,CNC(C)=O,1.8517564556932038,5.660710811305685,8.701861153482,1.6727368755523648,-19.684978428402466,0.012604308353996414,4.883531299108492,2.947610021289253,7.078571745538565,2.51517221110293,0.09308268030310839,6.938808864021677e-06,6.087730320333333,0.9714210088785038,7.241416647171849e-05,75.24515174207083,0.969968105794854,0.5671934410857304,44.241005047301734,64.68722034904428,76.66479707107862,1.0281698263114492,0.6212541112576716,44.99363008945772,54.04790241721207,76.13319629099027,0.0009446168084598995,0.5989417878182437,44.4507031075406,62.9026317563405,0.005608932631270286,0.026681343781289772,0.007423816949019915,1.5489518738249863,0.08086351734581952,0.0055639350614564214,0.030076984062751295,0.011836843380657306,1.967787689930256,0.9595372662869373,0.006421775929778457,2.555893548322483e-05,0.019353542539834307,1.0610546083596581,0.5032885060407433
17,prop-2-enenitrile,C=CC#N,1.5621316463927808,6.500887679157065,9.046759342659138,-3.501361545090123,2.229663349060129,0.01080983876307124,4.770060765932602,2.4056399343425845,2.575058255432539,1.379654231897886,0.046480058181185446,4.341091205268422e-06,7.575221299428571,0.8215590290431888,7.67310286421266e-05,64.58886034081455,1.351549404594304,1.1060843479975997,22.70428746156999,33.85406111376409,65.61383481893299,1.4455211082180668,1.2161021861383532,21.93622105316839,34.626106724609144,65.25073962030909,0.0015175179758447543,1.156312450963645,22.649412997378413,34.34258866330197,0.006032352040731352,0.012689322749646048,0.008500590621181952,0.33167663273896064,0.15455059337060137,0.0026379753482139645,0.0479238554043183,0.01979390455004002,0.32331815637460654,0.3196334110294796,0.008072917380228055,2.6964826130488926e-05,0.030474398972964757,0.2697875150281988,0.47986483523220436
18,pentan-3-ol,CCC(O)CC,2.5245619326932225,13.171099957037647,9.916017642463004,6.634738842878489,-3.9600911926840134,0.020181967056055544,4.419010177876784,4.138720310413594,6.517210227394153,3.919780210454484,0.11735386479321873,1.1929117600247737e-05,4.893823055777777,0.8614635738145228,8.756848612076528e-05,102.32549049344996,0.9829509656047516,0.6207118559570453,7.314481051961833,58.449473550681134,104.97566620095026,1.1320550705103878,0.6890368739400125,7.834264009236282,56.22299180398795,103.9213205195329,0.0010633041913694354,0.6777065764679999,8.160379877660334,55.74466649069018,0.01040256782231574,0.008677732152846444,0.006067759671033796,0.22954834005469346,0.4243897724378676,0.013050665110877484,0.034837196356914985,0.019703035399569628,0.32248632147961487,1.5291673885400294,0.010317253191028084,3.343979176207285e-05,0.01924678237806957,0.5812407766329634,2.22818627836632
19,2-aminoethanol,NCCO,1.9559371682844664,3.635854756322804,10.735433858683596,-10.311488039134193,-5.1280650178628715,0.01915812487923422,7.647192265951317,4.010304131924816,2.2569369365706424,1.75925705947415,0.11894537614513276,1.0791536334633281e-05,5.550251258545455,1.0374205657320772,9.41218741931873e-05,58.88038422039618,0.9735700051211306,0.4611557492013227,36.630166382577826,44.11123417924131,60.055022731421744,1.0103031606405601,0.5166168045574303,33.20612116988475,41.95952258014654,59.613970091942164,0.001061718867178527,0.4905292536611708,33.474093891706026,43.63574088764017,0.00534217121622517,0.026521261767566154,0.001676561996729772,0.4350062346233635,0.4104574201287814,0.007205408031766556,0.05131132067341138,0.014601724725538324,0.43152735076065785,0.4338365539829877,0.0046985200422086666,1.539639949012182e-05,0.010056473898843508,0.3577192313532524,0.2601733749633207
20,diethyl_propanedioate,CCOC(=O)CC(=O)OCC,1.6220841144465672,10.086755045884487,5.459774335844711,-1.5819120219473404,-1.5317213620968986,0.04023679524119248,6.760465869087577,3.0904976775377038,5.041207015777947,1.2003802315359229,0.07823892758816267,1.714502193668814e-05,6.9597199506086955,1.0436652983949992,0.00022870538985058503,153.46864873286944,1.0088481651347594,0.784037595517929,11.400279720321215,53.08318136972713,155.9990851111392,1.1220239750546144,0.8293163994585164,11.222745756014241,52.28236127349237,155.18286175842192,0.0011107615471165771,0.8619192092084094,10.126524390578172,51.60832919760969,0.03362997238980353,0.05145935579503206,0.01113949306328663,0.47752417383790613,0.41572873421691636,0.03747650191993881,0.03940666999644712,0.016321899439859493,0.21454268836231818,0.33244189298165083,0.026872869494721553,1.1939483557707697e-05,0.027827415130947497,0.25682188063708644,1.2554574020824791
21,pentanenitrile,CCCCC#N,1.919907125932639,7.019712818325987,5.174151024092945,2.9041652998702063,-2.9087330618362355,0.021615226426273434,4.626887061302065,2.891151484429007,2.4523972295699186,3.0105965870733375,0.09304684838618897,5.385904535970873e-06,5.538233285866666,0.8588585881289681,4.971399295935692e-05,96.7949811350871,1.0108935561866454,0.6375894204884553,14.901012495906265,51.63260804322098,98.68973233882403,1.0872127703923546,0.6723793431582683,15.346706212399805,50.173203485262775,97.99364586867354,0.001003426964705779,0.6946333848568298,15.419804593158325,50.939655651171506,0.0056030567090697555,0.02448500247329741,0.004914478099273829,0.213750915060806,0.2489125468615914,0.014554387104070598,0.031072398001780528,0.013299290839759035,0.21904229087251495,1.0534921255572665,0.010014533013352379,4.0249412509221165e-05,0.01634361998537374,0.29395282518115534,1.754524507541656
22,"pentane-1,5-diol",OCCCCCO,1.7056565157445644,4.312778678459035,4.694272126946406,-10.142429232860515,-4.000337479785972,0.016457279364402964,12.68705917237093,4.871020372195852,4.510552238640135,2.4270014407578357,0.11936627471867635,1.4578526314029228e-05,5.478091032842105,1.0353405886702347,0.0001264489492654823,100.59403234108608,0.6657864049349602,0.3632834636654913,14.765523436985681,83.35499506969407,102.33959429944105,0.695794480955504,0.38117694683511755,13.405845086064664,80.14877363825417,101.67585814266727,0.0007956697291416795,0.40949995582534493,14.961780139415396,81.16302654663241,0.012286203876024481,0.059829237543951336,0.003688577246439421,0.4299081301514974,0.27582854460722295,0.008145940685155869,0.04589710968708319,0.012867314479271813,0.3006776137028668,1.361574073393324,0.01078394192420749,5.917039479364392e-05,0.0066307714942593745,0.5744637414820897,1.6347446506333632
23,butan-1-ol,CCCCO,2.388880880804191,8.250107668950392,7.232051529240279,-10.472590076569007,-2.667320367418275,0.028142915561655248,6.721398267893758,1.671463821648248,1.7665227971108173,2.155093505235175,0.11548576012138956,1.8207876199281644e-06,4.938210996,0.8554395757692962,1.3487150169164894e-05,86.648785203347,1.0085616042795065,0.6726103776533714,8.803087598894944,51.58682466639188,88.76937994895604,1.0992509949117328,0.725046084063589,7.968571745075849,50.246587211760016,87.95884690772672,0.001084200801512022,0.7137545067854788,8.205227587340566,50.28688093938558,0.0013661396901054929,0.018611397327812404,0.007433760019592906,0.11848061877913342,0.16778413720774515,0.017638715346007836,0.05055993785116873,0.006767811196573285,0.05374750654615718,0.7564510207170823,0.008002615214153332,2.0785650913218912e-05,0.007397442437716682,0.20557811914578755,1.1148241525856621
24,"1,1,2-trichloroethane",ClCC(Cl)Cl,0.501403877703666,11.812688852148723,-1.8021020800023047,-1.718810383848251,-2.2686798615926334,0.025944926811506102,5.051760647119433,4.883033781003112,3.624675907406173,2.5554780038324925,0.031665621726771766,3.276640689534028e-06,16.491254142,1.3925488412283469,0.0001440957715816634,95.79838087988401,1.1183002362564431,0.9901033222403027,4.719477361509247,35.23552106669849,96.2811382405192,1.2680965341845454,0.9725765008881831,4.639729213996632,34.45387298866592,96.14481494358824,0.0012006877341889644,1.0209247268777488,4.65931806376835,35.09521804006704,0.009914319090905847,0.02828047525443354,0.01176279565820721,0.03900925390208662,0.1832527426418086,0.016212806922678655,0.040645124432402584,0.0325350151996381,0.11567445304527502,0.6089459177096895,0.018558922938173395,2.7605370382246392e-05,0.02532550972542415,0.06118409688448077,0.7987624013010334
25,"pentane-2,4-dione",CC(=O)CC(C)=O,1.772432853593945,-2.4725404321836106,5.609456070821904,-7.858133595591753,1.6281311418643978,0.015764714828487847,3.9410704461239567,5.098745091610866,4.463087904343291,0.9898934527090122,0.0812026935729406,7.497006080223294e-06,6.6701619664,1.0155658466989914,9.376170903407806e-05,98.58279784195788,0.9892669925349901,0.5408496576449934,30.38818654226846,54.204669151662344,100.36164053113762,0.9653971574850216,0.5729913560523571,28.174218790218756,55.10179869595868,99.7127880523326,0.0009674179855473122,0.5885085115518515,30.59735624153035,53.47958406728344,0.009102235491576403,0.023076616291507188,0.005497670784578366,0.42662810813198565,0.11460694806066933,0.009150856139847598,0.021389747830587186,0.020289324543176394,0.8364042654786741,0.37708087033588716,0.006452896815533925,4.897926024799e-05,0.0033228606074489505,0.9933253160545675,0.9873461189442558
26,N-butylbutan-1-amine,CCCCNCCCC,2.3234397955871913,6.427650921694446,8.321916006027994,-0.14822999492070504,-1.4343106977308677,0.0126793218898273,8.334281215563747,1.520419610924767,0.43301257137041527,2.7807192514722536,0.12173086647079787,1.1280780125020812e-05,4.612562486,0.8274607571579666,7.668065737313634e-05,156.19544759312586,0.9129873039405055,0.6179620005694568,1.3973465791131752,63.31632958663942,159.91088063118474,0.9757020240845687,0.6740564087378712,1.3952783580738726,62.42101824432848,158.48820404320531,0.0009580522337533868,0.6302568036741284,1.393861530839762,58.72721744659384,0.014475772997182685,0.05466578077141339,0.0056601943290205065,0.005489046148535726,0.45332233107548153,0.010038739253678333,0.042568937978128905,0.006041260708946948,0.0017850605288178155,1.1847654373176664,0.013440547581199253,2.352879414652741e-05,0.005145817893580674,0.00408043558346758,2.104924934213985
27,"1,2-dibromopropane",CC(Br)CBr,0.9170050729598694,8.154018049295022,3.5706056502521917,1.087903112657354,-6.641429560898108,0.013278693132090139,5.762066998775234,4.398702554406413,1.869645760369523,2.119146808612331,0.0588889553094598,2.1790898387284198e-06,18.171238581090908,1.9618229706522228,7.259406247346923e-05,102.90869454046397,0.9156686924028001,0.6649699660471533,2.032083587817801,44.00615567542981,103.86110615271662,0.9969610787048391,0.6895925983267284,2.0544338374832676,41.26553428309012,103.51425571952166,0.000997764930909253,0.6886047873567192,2.0382331648131764,43.608245821874334,0.0038080033841550514,0.01806120249075569,0.008145931853320697,0.03137478359889933,0.14348882966433377,0.009372879950938462,0.03856025115317939,0.020660861577548078,0.015668437161088865,0.6099677948284679,0.012468710048369316,2.3860764809223018e-05,0.034561606154240594,0.01819166683901547,0.9302736907787843
28,propan-1-amine,CCCN,2.9852285002511634,9.86919920172511,15.744557777914178,-9.83855268349025,-1.8604398168738818,0.022539498305526595,3.5650040924050916,5.4785627885299935,2.0184479896647547,1.104131614649705,0.118046276380072,7.277048308190842e-06,4.544115329846154,0.7748229581876926,4.7764523116961483e-05,76.28994475358681,1.3189838903838964,0.836225502245154,5.155912328973214,36.428153950066466,78.6374523943339,1.463410819278044,0.9924884140314378,4.6940825447968555,35.762808422541184,77.71535976168082,0.0014373622549668998,0.9168855664282661,4.9289814584655165,34.8615130522046,0.004703280036348697,0.012064503028292485,0.00950440583233632,0.07031724429063863,0.31217619673825725,0.012083803316270526,0.035890284702079986,0.037856367508609705,0.04490320510734944,0.1709782647183751,0.012249148751807422,3.972516458848518e-05,0.006378462352359015,0.02543856709726113,1.5167687207557694
29,pentan-1-ol,CCCCCO,2.318998202717586,13.695694729779241,6.596702372397305,-8.279288082967515,-6.995945346433447,0.013111712481327174,7.741875547281648,4.21228022459657,4.192575567165684,2.1500702089097206,0.11816155077790384,8.67995600781086e-06,4.893823055777777,0.8673925822550436,6.371725325124242e-05,101.62604941542708,0.8955616810879364,0.6104476937880491,7.352061798817947,58.760718468066784,104.0387051172262,1.0376790338372022,0.6535611796297528,6.789905926592841,54.918640400634104,103.10821834037532,0.001017304499941571,0.6463157301937829,7.0470307830347405,56.089969483172354,0.00746436188237035,0.02023262954854728,0.0049844946930649526,0.2196789175693526,0.2027530518155523,0.008073634986455993,0.054974924179087795,0.019144793812795664,0.128022038807213,0.8225432004768631,0.01568308402956748,2.0718012228238235e-05,0.005032295667061629,0.18286638444029052,1.011172117909758
30,N-ethylethanamine,CCNCC,2.6168355074708627,6.1350999005650095,7.515285417537345,-0.09843692564721356,-4.706777211300447,0.022484981295984762,5.564310152006567,1.0621181202836305,0.5846260509383459,2.886515247947303,0.11324330454574745,2.9107418054615985e-06,4.5680718344999995,0.752441527187105,1.934033114040844e-05,97.20101496574792,1.246675572028175,0.9528278800386455,1.4383471893363402,36.278683640252865,99.81295583509694,1.328159483158795,1.0302544418721975,1.4369327169461594,34.64788489005036,98.76981388011012,0.0013635073982101466,0.9950064899512877,1.4413333266640702,35.437487188510204,0.002498474587303,0.03058970686854143,0.00645595099463138,0.0029708416913557527,0.09255995780095952,0.015770898557581483,0.04757052857134713,0.006247376300284824,0.005556328575288798,0.7041539706146109,0.013136853832591926,2.1078568795420835e-05,0.01656714878485706,0.007517712872601529,1.2898001195192224
31,1-bromopropane,CCCBr,1.644819440999331,5.814267827746305,5.536508003185273,-1.6214605934215276,-6.6418577947260635,0.016196653801016765,3.386711147744092,2.124481894542319,2.0054370057126807,1.6068864720704683,0.08122031787781182,3.3594570754948998e-06,11.088464756727273,1.4152421365001895,5.853763360242799e-05,86.90568027846736,1.1297520783801427,0.8108980689082419,5.597957326877758,36.808943077187536,88.35902672796675,1.1994938642234794,0.8584248282242044,5.508636949506847,34.516412071553304,87.7860779367704,0.0011548161678304233,0.8501115558171908,5.5594294292786675,36.52689474228396,0.0035948412569815585,0.02382459302889184,0.006275455986646669,0.07843209970930799,0.1371518239111652,0.009795093767053368,0.023266378944791173,0.012108049823387335,0.05501146428952881,0.38000948312104915,0.005857509539555007,1.6012890888066025e-05,0.014557367533917792,0.053697119323523224,0.5702405340978262
32,butane-1-thiol,CCCCS,1.9808094982524103,9.061786509498738,5.686908947974214,-4.5139455912539415,0.18282320508236594,0.015139734162920583,4.3938956249922105,1.5258352277711338,1.4313964224753564,2.6527612955789674,0.09903956256943858,3.6553809709958575e-06,6.003354754666666,0.8918544432770188,3.291682309851905e-05,101.125694947685,0.9975508023461952,0.7223535711795073,4.329770770820381,43.39529007765502,103.16928188249221,1.0969544749748048,0.7659101860854465,4.142768456712737,43.474772049317835,102.36462640057715,0.0011188460977799974,0.7360399959149723,4.183276251624664,43.22665588047107,0.00373232908391997,0.02634033354194352,0.0034768791281064894,0.013229336230911009,0.2424541662839043,0.010724742851691097,0.028542370025768316,0.00788943074487281,0.04087424730578762,0.7972688312928734,0.007481225827899544,2.825431935267944e-05,0.0064511181226296335,0.046422202614338756,1.6266607582619523
33,2-methylpropane,CC(C)C,3.3711743973811714,12.219812495846156,17.963939899219763,-0.020926444222560035,-4.185380684034975,0.023850062750316037,6.542916036711878,4.388799491228888,0.03671287105367001,5.550506547725795,0.11049467128102046,1.3461135670368712e-05,4.148446451428571,0.6417337177685221,7.817992070551549e-05,90.57246172051164,1.5776198001162844,1.5027017976937844,1.015297338803861,27.24074335492421,93.73234245129535,1.7972390410326133,1.8317576390769312,1.0150849176247627,26.146416297635596,92.50694578431886,0.001745563262416416,1.639823437546801,1.0149103959986827,27.211509881770326,0.011031609625474835,0.02823456747936346,0.006056599748178762,0.0001255966060809396,0.15561489032784556,0.013748810161916527,0.08071756429377093,0.05668429494953766,0.00024809881998307095,1.0202782416529703,0.012103530768481979,2.1857007311696527e-05,0.03340940755452345,0.00014139400866409796,1.7188413951342736
34,"1,2-ethanedithiol",SCCS,1.0552876256213164,6.477988244691014,2.731815771974222,3.1330941364317657,-0.1886257627223702,0.011922155292709092,4.195188391291534,2.992540953059148,1.6609441302807408,3.2943357450787754,0.07279721082514344,2.999705406335577e-06,9.3991092192,1.1403815589977528,4.699093123262133e-05,82.60536987522067,0.8927545354183976,0.5603224650127683,7.132273214707535,44.89442131494042,83.48639143309187,0.9545929548160286,0.5760593450569659,7.362961737162281,44.80989830249223,83.16119856209832,0.0009646067101402225,0.5595796240786935,7.222086894762549,45.25614906011447,0.003404133107893213,0.0077882414166821935,0.002063819916335524,0.06600984336144347,0.262969310132345,0.006613682641486953,0.027776818824732517,0.012102009753289728,0.07279659857606262,1.0271269690100706,0.0036356958993386847,2.7771786069097555e-05,0.006222569185916649,0.09392705197951381,0.2913959312455351
35,2-chloroethanol,OCCCl,1.3273261172433706,9.801398624213496,0.6449375968640311,-1.673323705532423,-5.9413493022243475,0.020080495132450974,5.064745602542594,1.9246622115096366,1.9217610778719358,5.138503208509351,0.07618978531971689,3.0332940560534104e-06,8.889210273333333,1.2190806402967593,4.853445963319963e-05,66.04468787498368,0.9911609697680294,0.5909857364344063,10.5350432563665,41.20413288800982,66.9331085052568,1.0988651205783586,0.594821966933567,10.361659157399266,38.893343495621025,66.62418318877907,0.0011424385376577386,0.6279604807506941,10.180784934522508,39.18566042887903,0.0026292981400983023,0.018881375093014328,0.0019411751149554478,0.10833895395527128,0.1913136521643141,0.009320241967468484,0.03701987204594881,0.007977961017427053,0.11813967884219616,1.4066883173496938,0.006896867336568891,2.7470908538204298e-05,0.015498844753482548,0.08159859432747289,0.8817524525965549
36,butan-1-amine,CCCCN,2.7816256000064,3.0224602614710854,12.40760129855074,-7.718600376851547,-2.0656197699346612,0.022989230927029765,1.7501842319101064,2.974450001895579,1.6557817625538125,4.082389962314214,0.1198129146258951,9.127815477199056e-06,4.5680718344999995,0.7960930919445883,6.0649478970045356e-05,91.8712673350738,1.2231136508493883,0.7559038896327929,4.117543147028423,42.15936122699077,94.49990076678328,1.2612339456611814,0.8629788667042019,3.8224996728729055,41.30613356585877,93.45943297037573,0.0012792314497856309,0.7699173459361972,3.901759785276245,42.43818720437844,0.007000042094252901,0.02182676218273607,0.008073259276270906,0.033681130264765935,0.10979535297081666,0.01454246134028338,0.0023291943663712217,0.017229533135938883,0.03789123041801528,1.1898480198272583,0.007353988708561585,5.382849563449333e-05,0.028340300647214586,0.026788793951221794,1.8528045402857962
37,2-methylpropan-2-amine,CC(C)(C)N,2.9272462776561996,6.525107606240378,14.117410114798314,-3.7049600264944287,-9.82472216623211,0.03201753453305453,5.238039404252466,5.028673446366456,1.4493071159924684,9.465207478496685,0.11693158118469488,1.1247243687727377e-05,4.5680718344999995,0.7769481637430615,7.473195215369505e-05,94.13508576663989,1.262045195660177,0.8548837561235088,4.025118336985596,39.15396012642617,96.97374614085174,1.3501435127027022,0.9954098464732171,3.8813170902888956,35.65131725729498,95.84314303982852,0.0013023285002212125,0.8960638173910465,3.939250659609833,37.187067541134184,0.009055414649527239,0.054735157954540946,0.015663877291068277,0.021948381683190504,0.1640926709155163,0.0210001808632625,0.03166645926654379,0.03361723618488525,0.03662362000489778,2.3832886017824726,0.011157036485113042,3.9948817813646946e-05,0.024076295664758943,0.017211920211092212,1.4449395193172685
38,ethenyl_acetate,CC(=O)OC=C,2.115673761150148,7.819520692115411,11.816728294554576,-1.886713482040766,-0.9330407060486948,0.02741458446400321,3.9243436412091937,3.368709028948319,2.0997383545038573,1.4569265040305823,0.06451472717490266,3.3955272974518745e-06,7.169731619333334,0.9251065586771261,4.8690038857700325e-05,93.06002633743009,1.5145769176945032,1.3586153929057494,10.727044146915024,34.783058929354844,95.07142758520105,1.6430560234296319,1.5406724729423407,10.528403341624955,34.461518929816975,94.3381247462136,0.001648874178559352,1.4511062667690091,10.486139104595745,35.136574145602026,0.004897802844121319,0.04490324210209255,0.007599082542971433,0.1353902289561338,0.13269671750068054,0.018101301969564075,0.032720494443576574,0.036303885133858516,0.12357377281483166,0.3423995519841953,0.0029343900752915033,3.644961147612551e-05,0.036101850027791975,0.13156780402729534,1.3165127110579669
39,methyl_2-methylprop-2-enoate,COC(=O)C(C)=C,2.0428126051930096,5.205441020709084,8.661506270390822,-3.2723123880856577,-2.3865231646082377,0.02288044925183671,5.034709971873654,4.752911364545691,2.89739818703291,1.450061979320919,0.07669134138365322,5.558942492255258e-06,6.6701619664,0.9591443783427038,6.952321272233597e-05,104.38190937518453,1.207514561160149,0.9241337049290603,6.377925523044327,40.663408274387464,106.558704012686,1.2738226477998025,1.0117680587823008,6.175832975518942,39.71558660021333,105.73075776577245,0.0013036829576897413,0.974166674999008,6.270209329878877,41.01586277701699,0.0075652707840011095,0.007849048122209885,0.0062992414221915895,0.05693232723764407,0.41719579908823784,0.01638910022404069,0.04500816324705435,0.03371066246490998,0.11995350581716384,0.2807215619333968,0.017650907666147308,2.3202975442714306e-05,0.0174420302347117,0.07893017366209655,1.1402502971202162
40,dibromomethane,BrCBr,0.27293749871637474,5.0287260666744995,3.310639562751584,0.07646770727550516,1.6683392083491395,0.013034390839080388,3.796789182586446,3.27259383327383,2.2745934617708805,3.9119853101133635,0.02738156238404479,2.531238791139991e-07,34.3704648528,2.352792568838905,2.1749963476230257e-05,73.88449043357582,0.9994036696237938,0.7544453791312542,3.9450770905589025,34.13416604183203,74.08670082168,1.052322063538312,0.7802775566199869,3.948096109134591,34.713301664005144,74.02883709037783,0.001049956857869691,0.7543923880237247,3.936133332312565,34.07085562561417,0.0006830104567632294,0.030587257089334133,0.007285113999075141,0.012371209838960309,0.08753564634871497,0.006811252457388158,0.018176603099588347,0.017305771239712088,0.06289497752553307,0.9582393192633817,0.007652354717456976,1.3975111753392906e-05,0.012843251865083541,0.037242260871711765,1.024768259095231
41,methoxymethane,COC,3.262802889180463,15.628825925708458,16.42259252629771,-4.912977418495423,-11.840974150430876,0.0567152966417692,3.7896112880466744,3.544483488671557,0.7399398903062709,5.263984542231439,0.09169664530069997,1.2375135262535489e-05,5.115762756888889,0.7036474244414572,9.49623841313122e-05,65.47177026027708,2.150986148952862,2.533333670976788,3.497273296396391,20.25440722925086,67.68003644479629,2.549432519522425,3.0311225815109233,3.3334992318880143,18.110006089546232,66.81867249546781,0.002684208513484876,2.7654619943529877,3.38154547004834,20.75898128466929,0.008836013837406669,0.05450358565909026,0.023695102130760405,0.018766463464576468,0.12404011734515184,0.026413329725937837,0.05640719582508977,0.0740992189561067,0.011318701474559259,0.6683599486122821,0.01878292168734005,5.515382156934224e-05,0.04760333049039406,0.029703983629745453,1.0837987945535574
42,"2,4-dimethylpentan-3-one",CC(C)C(=O)C(C)C,2.410704022236382,4.197458294243402,9.492682219157038,0.5767667952059577,-2.726025252282905,0.022181568503738786,4.903308204248709,3.234786643034889,2.8819397764318926,3.1704233194117277,0.10564019390432178,5.1556167397198375e-06,5.186566593999999,0.8610012725094592,4.201992072723987e-05,132.62182584590897,1.0790642300006865,0.720800859457706,12.463311898630629,52.03441333977977,135.8979225304871,1.1263419641984795,0.7964006415515197,12.535613152871864,50.65358385276704,134.6560548276799,0.0011052727090702932,0.7558123146269798,12.774049551830325,53.646293568750934,0.006471973746601248,0.034264606516768464,0.010636197786032897,0.10523520064284295,0.2585628734730196,0.02081816301368029,0.030627362812195323,0.016591335217787412,0.2443774887935783,1.1207511213547037,0.027491528623528497,2.82778407167573e-05,0.01297239708406273,0.32731117276209326,1.205990684188664
43,ethyl_propanoate,CCOC(=O)CC,1.9849663069708179,8.69390541138821,9.115962290598437,-2.103303587611811,1.3008026263641508,0.024729052713143736,3.8995772999055256,2.821467219887057,2.092728130054722,2.0234935011154307,0.0894070452294513,7.420755583786143e-06,6.00400468,0.9125605405704154,7.574222713211984e-05,111.91937145006563,1.1405915927782162,0.8377673793703869,5.436983200977373,44.6054443538269,114.18592356003579,1.2491954648999708,0.9217981512321426,5.324982649863096,45.1933202505877,113.32269654681124,0.0012085555429686642,0.8544828414428993,5.502135437867979,43.86853824306081,0.009289283033192958,0.01459349735798253,0.006147100612210236,0.021367859864162442,0.17562223646166675,0.018855276192637715,0.032863502550180335,0.01786954561129493,0.07733599057161243,0.6346013040262349,0.013331231656203858,1.99166548326626e-05,0.015547558911989725,0.03140770995483499,0.9454869532968048
44,chloroform,ClC(Cl)Cl,0.19585430161397083,9.02567048805589,-0.01547020768409861,-0.3927122145512677,-2.411577802217844,0.013586717840014216,3.6123195903901,2.5794208252636825,0.7261129601912273,3.294456287624567,0.011585276364007724,3.605139412752179e-07,23.5828766144,1.366070715180594,4.2509778974322555e-05,87.38716013761501,1.2484210225675165,1.2120651125809847,2.281228898878636,29.61972572819793,87.55864751520856,1.3722783440834374,1.2118776325943452,2.272305278498081,28.922243328191826,87.54625188549926,0.0013901508159688014,1.1684947247428055,2.2830744435894603,30.114668083545553,0.0027193181028352135,0.02530234468109151,0.0164536361854152,0.012210790945961317,0.11666372587326773,0.008189272443453246,0.030142024419996014,0.018794007649794414,0.007846342707156187,0.6686837253267801,0.005375791202225229,2.4382140457464908e-05,0.01991434626531187,0.020042258180562517,0.7761812597921182
45,2-propan-2-yloxypropane,CC(C)OC(C)C,2.634236834963189,3.933529238089691,12.637193522341025,-2.816034146984441,-7.260696925102574,0.036211236866844916,4.447701848884512,3.1646813079359766,1.2667351864575254,3.6654376455347726,0.10745409468266252,7.77247691255722e-06,4.862117384190476,0.7836816326385343,5.668604267214538e-05,130.38019183887235,1.1803837450099668,0.9509779397963194,2.2400870548845626,42.75858887616428,133.90763611422165,1.2287156337151306,1.088538679259932,2.1787331844390767,39.86417215433676,132.5176176564479,0.0012439858720276105,1.0113782978427404,2.1904909745097196,43.068737067228994,0.009432143690032448,0.02989745858601035,0.005036292043378843,0.018910982810116765,0.12853881153736033,0.033632403044227786,0.03234750083152945,0.024097242722684785,0.014213855551272062,1.0292163560342742,0.024521458481741847,4.95884935269403e-05,0.010098761148500815,0.02539716308167551,1.6788962101769207
46,"1,1,2,2-tetrachloroethane",ClC(Cl)C(Cl)Cl,0.33584131230100145,6.989987728791216,0.10048681570229227,-5.4114475751516,0.9989052111274752,0.01636335833710986,6.515525200913601,2.6592666202252,2.5344523524775253,1.5527707236414723,0.018131899905246766,1.6233228729332295e-06,20.736382598,1.5039600546553475,0.00013464737669291194,111.60448278991394,1.1202264382010985,1.0567769438753736,7.805654766546357,36.94255203888989,111.98055977137213,1.2044148913072061,1.057839933539815,7.404940304022887,37.31529647997604,111.88932883475937,0.001197378524569322,1.0781839586751152,7.557357357573732,37.379394804759045,0.00999277001878773,0.01953190267270176,0.009477162360871568,0.10788629476374462,0.087280092401178,0.01086060473659257,0.05374321590514709,0.01872864672093624,0.10858714085270825,0.4050375783569029,0.024588218917484115,1.7025937737545384e-05,0.02534769836003393,0.06324355587037116,0.9546373167463001
47,"1,1-dichloroethene",ClC(Cl)=C,0.9599113585538324,10.808729907402514,2.9279227113324,-0.5543338526883785,-5.252203392956528,0.03303380675655233,2.5601849079876775,3.0632712435730998,0.8461551342895909,2.8240732111232774,0.023584024769067586,2.59166792748554e-07,15.992225904,1.1314831554973808,1.2433961689350073e-05,85.67805854123101,1.6504528931717806,2.11397850696595,2.4363056809931685,23.696807301541554,86.50846310468322,1.8504646154924096,2.177741082720953,2.4228748654059453,22.514309950424604,86.22679414697694,0.0018963212584463273,2.142934373630574,2.4095575527992836,23.073518302394632,0.0009415436015423605,0.021157362946001828,0.018046551414521106,0.015243357733784562,0.12545762866078805,0.020196046974534164,0.029973209217557587,0.045412341962303586,0.009693877695516738,0.44075402078833126,0.012635673926062303,4.565803382286637e-05,0.04372287775304044,0.017721474462954412,0.9381754750527558
48,ethanamide,CC(N)=O,1.6189233926210362,1.2606843524771385,6.469246798695241,-0.8940693603241893,0.5413277901564109,0.01666281195594524,5.538037299810844,2.60745317587841,2.148448214116399,3.296023434267341,0.09041044350083578,2.6551981666961395e-06,6.559679308888889,1.0675143279718207,3.135104725513748e-05,55.332128670396834,0.8006058718091383,0.35707623164737845,35.71465176918349,57.95778077567505,56.24265415514543,0.8108278516605495,0.3817741431835248,35.398167598568484,58.273229963690255,55.9094781048274,0.0008183035275837376,0.3581954736994135,35.489302574226784,59.31419644823745,0.0016249218568016907,0.007737959045894286,0.0044701024623920085,0.3499114744129416,0.15075758094772101,0.006526356558560862,0.03127689733033463,0.006289351603740663,0.47746172458927677,1.353949410498533,0.005187631938668142,1.1124773787022137e-05,0.010933028388865394,0.7334860822158646,0.6102105751857938
49,methyl_formate,COC=O,1.6619777971512955,10.444760537246824,4.918864153466217,-2.724589250831112,1.7368452751360492,0.006451474260944076,1.8019395226492743,1.8666005681088198,2.909595133358479,1.8778162812414765,0.07268375196320984,1.5612303578079077e-06,7.5026411710000005,1.0906402198838605,2.3426702319809344e-05,55.061750876487665,1.0856473036215548,0.5873853822524537,8.087115234954283,35.406078354366755,55.99233098557539,1.2122655359244339,0.6177727863921675,7.87261871177436,36.031896648854286,55.66940838559151,0.0012059958425663989,0.6008424001209848,8.061523144559505,35.46910335423718,0.0011827368705895794,0.010905162987945805,0.004522055338068576,0.1514500951298038,0.06082358657191435,0.002413510664975058,0.01338376824632401,0.007500768500390514,0.12151535294242391,0.4765004731487645,0.0033976903541751598,2.4143466990751904e-05,0.012708081351148896,0.07948055677719414,0.9571202155263242
50,ethanol,CCO,2.4185743978942638,11.962090657722124,11.631970809646623,-6.517123042100638,1.4029059747977832,0.020164475872456997,2.334781949433817,2.765211567679114,2.268722436179639,3.9888676520680426,0.1069311004305174,6.853620045976101e-06,5.115762756888889,0.8205512117033795,5.2592241271607484e-05,56.144016254823114,1.1717128051549155,0.8426393709564108,13.169830976735735,39.67283644927575,57.53555649386984,1.3309184803554068,0.9535568221639109,12.364050586993784,40.237328332552124,57.007126766015375,0.001271220420444766,0.898174331882377,12.755945686372552,39.76951786022869,0.0035986890178191845,0.01352459350111515,0.005989821328759095,0.06466342597116065,0.20735810779128658,0.007799034794179031,0.019782335662806436,0.0181574539609334,0.19300550716542283,1.125404778198834,0.00855293012855611,2.627903053961258e-05,0.032196231179671915,0.20649623556503655,0.34387780644652977
51,1-chlorobutane,CCCCCl,1.9489345428622356,8.51213383590347,5.345996979864026,-2.373120691628181,-0.2721336181108945,0.022007455822821244,3.3872362221530303,2.549588702374819,1.648117919281475,1.2341440628782772,0.09152451567637052,1.9871371885561705e-06,6.574234140571428,0.9359833710248933,2.03216302286746e-05,98.89936402347143,1.1007352477744692,0.8599264777816007,4.691517692716815,39.258074234342935,100.86515996779708,1.2031488916794097,0.9084945700591939,4.582763191178635,39.15152975986166,100.08382756949106,0.0012148920182596026,0.9050243600036735,4.54574289280046,38.619344836916525,0.002147249222241202,0.010342569382768911,0.00719058435938193,0.03629589640927662,0.13699450075459615,0.015622645590423371,0.027873631074978422,0.015569429519516339,0.0468363603887068,0.32764423388689684,0.006170395874566928,2.462672369816521e-05,0.020243273444259084,0.05952426594394584,1.074119584555388
52,ethoxyethene,CCOC=C,2.515028255889688,4.957831924321412,10.114087293898638,0.24401594907482543,3.2683362639917233,0.024507645915262298,5.972209826232479,1.4036399367294017,0.7915702072624092,5.484257296034504,0.0870378857063358,6.560594679019572e-06,5.542885759692307,0.783966718007485,5.9092518584857405e-05,91.97701837681467,1.4685871573853853,1.354225571215762,1.8574625169595276,29.719768785569084,94.34994618272697,1.5451953455186367,1.5066049066483347,1.8620061088378395,30.723930135925002,93.47532487719035,0.0015806434173325147,1.470997179472086,1.8680953171261037,30.206848645880655,0.006932549924653141,0.0548080667350541,0.0072387290985622965,0.01125378000468986,1.214152440093402,0.015598246729728442,0.05249809633918472,0.014050079063579713,0.006730270439267369,0.8261323633669165,0.014555293126535978,6.485209017039022e-05,0.028404846774794653,0.0059490672737247926,1.2227208938966871
53,ethylsulfanylethane,CCSCC,1.9538324535760079,2.65635580547628,9.085609654401626,-3.095038756282492,-4.477594668578983,0.01691024193478341,4.43155665766446,2.299892746824764,1.319087097387543,3.26717448218957,0.0985539418917168,6.503688331187318e-06,6.003354754666666,0.8874814134701706,5.8565922398855246e-05,101.62398875001163,1.0612573457058767,0.6994962825240687,4.259980868840715,43.078447005287224,103.64911887238588,1.0902173988731563,0.7694010594637781,4.132091049416397,41.23223466422587,102.85675752548677,0.001076557354172573,0.7111230969839881,4.090102398372469,42.38429622942181,0.006706613495384356,0.037177203292572535,0.004360634262520064,0.022109881744147682,0.2977487007093712,0.011450505848866805,0.021818107924039973,0.012126665252275884,0.035228142665452794,0.9290054862393993,0.004704154000365152,2.706240941242713e-05,0.02150913825036717,0.02274408083559815,0.8848311053946221
54,dimethoxymethane,COCOC,2.3295147055667016,10.22302476682639,10.841481417602992,2.5939628563101405,1.7487780553780938,0.038424607354765265,8.366653839665762,0.7576399257454249,0.7281330407982038,3.6848160885976307,0.09520852027841,6.680781369322081e-06,5.850186884307693,0.9051049094865329,6.351120675856973e-05,84.07348178824468,1.4689642996055383,1.2990806868021245,1.6138875912559907,29.10021318007747,86.0786977097537,1.6362372376550502,1.4570460652075126,1.6568660820019216,29.618169223869245,85.32074915506463,0.0016736016716653393,1.3357496721186735,1.6478372695784653,28.281038726426686,0.00590009697258498,0.019851356713779324,0.004169507832119185,0.002264097075098896,0.12339550513319458,0.02301272525633965,0.09577857206082989,0.0072276662257042285,0.008379096906817757,0.766770200640957,0.017435831674560656,4.700202591362431e-05,0.027116569375720795,0.006684418377331658,0.3306526454773827
55,dichloro(fluoro)methane,FC(Cl)Cl,0.46146209149911915,16.10344618449608,-0.32090212965545556,-2.2891421758857944,2.9886643427722532,0.027094610081985056,3.376741553290549,4.134315594739451,1.4763837486180749,3.279843192519333,0.011602260442068893,2.807444097030896e-06,20.3887867224,1.182780068255405,0.00028620189464711895,87.01766612577015,2.2437825341863338,4.003171020783193,2.8175081025244273,19.01127959820985,87.42108127583677,2.674463290972134,3.990365851783775,2.7544547178621683,19.596967168231572,87.38199961453276,0.002669907990251145,4.183765934617422,2.749197710622615,19.56579097768224,0.021057005952822047,0.03863891524843831,0.08672535286433206,0.012645325992939967,0.09196076534809954,0.007669683742732011,0.05771862151858956,0.09923517186536661,0.02732988712656628,0.4498169154328599,0.012087284311931427,7.743828458460253e-05,0.08250943529882515,0.012698163434556492,0.32564056733143887
56,1-methoxy-2-(2-methoxyethoxy)ethane,COCCOCCOC,1.8858620460173292,5.1494117149761705,8.440607977427138,-3.382101973030437,-4.257283714759949,0.015836058390740274,3.8361355204951884,2.608002115586298,1.3776791287815973,5.460309851521709,0.10124262841688433,1.499271615286539e-05,5.8301867090434785,0.9697184865320837,0.0001436026923056169,138.36527888426627,1.1235224545067466,0.8142661108018593,3.073321192685838,52.9226748143855,141.0248122948011,1.184518172022916,0.8893310591240184,2.9727787828183097,50.761609096950906,140.0245437368187,0.0012282583215484292,0.8576268592019589,3.04967678282535,52.6349592570532,0.02049228202165929,0.02167150712494694,0.00716644501816176,0.016481000715209436,0.07475631970999105,0.006277701243104697,0.028241052969083323,0.015597967242461073,0.02651148375067728,1.959203977722466,0.017254482540722815,4.244235408721294e-05,0.009777498066250908,0.02408503563356223,1.2905050029550058
57,octan-1-ol,CCCCCCCCO,2.1495342796901746,6.637181558032225,7.479713630791917,-11.243329606863238,-3.4604400363602155,0.03433500548769439,10.896426709905084,3.6034242571510666,6.404835593005304,3.202155883899884,0.1230283574388243,2.3092605887536792e-05,4.8198431554074075,0.8894660797838,0.00016695410764134752,146.41405301926326,0.7956386545838542,0.49263873196697233,5.033741609936519,79.14407601247925,149.63040997450622,0.8522007667092927,0.5324656367805285,4.524982871086195,76.49694509772507,148.3862307594181,0.0009062032257535366,0.5193781091002612,4.723431537337967,76.72817970592632,0.027481207826110462,0.04384604924037623,0.005456043730781194,0.0842878910700765,0.18681991719229615,0.03069394456117718,0.0578809038932878,0.013007159549973491,0.19607378519330929,1.7270495822592917,0.029781113602868736,8.04099370629068e-05,0.012625131587104585,0.17301362067675904,1.1763086592944356
58,"N,N-diethylethanamine",CCN(CC)CC,2.571620981222717,4.319609906904959,11.086512735307418,-0.7090951991255409,-7.653485136871767,0.015165557011307475,6.829085252445787,3.8302709794659124,0.4488557142901343,2.1321866850938904,0.11627631831642052,6.092854393252161e-06,4.5963840672727265,0.7838609048023999,4.107414499079007e-05,129.09412909057178,1.0532097890131424,0.7561651384428439,1.155588245813617,46.77836987618488,132.50156719295472,1.10075825149583,0.8504504341301615,1.147451720749499,43.4527222381239,131.14514847927217,0.0010846997262393093,0.7991089495127097,1.1534374872091178,47.46577364904533,0.006765110262288437,0.030032983568874086,0.00902747386184369,0.0035525971785578055,0.24713959159684845,0.01337957886061845,0.04872785290882171,0.022131498204556885,0.0026368257818105098,0.6313919519003933,0.021200862256065264,2.560110943326287e-05,0.006806476301852425,0.0021122387038640697,0.8175532396405517
59,propan-2-amine,CC(C)N,3.058853536362405,5.604084413085607,15.589365903341323,-6.886877235583376,0.1846545407548777,0.008164104461603225,4.513008991054836,4.9624720407156975,1.3641095340391065,1.3598958569140798,0.11534495601652053,5.121471982578335e-06,4.544115329846154,0.7570922419018129,3.3615919057372574e-05,78.07661613484196,1.4022319289217147,0.9281613955047526,5.701013831675574,35.71826884022478,80.5402236130231,1.4854794513122966,1.0995787502815277,5.333689204064115,35.784346260474194,79.5559439696863,0.0015110055110784764,1.0115459962568276,5.356301750660009,34.959046248217646,0.0034669563556634386,0.02839058005436775,0.015152373103960913,0.015403849864782162,0.18071989016787604,0.0039506923974637325,0.042943640917112565,0.0370667329332938,0.05028098682695723,0.3194909424668801,0.01444242684303745,4.576063823990466e-05,0.028741958659368436,0.040588444300441104,0.8496504320119384
60,diethyl_carbonate,CCOC(=O)OCC,2.134191134374168,9.911807328415229,8.08391532508035,-1.8037951118701945,-5.15513558317431,0.03503315000250224,8.354546701341144,2.6594907470881703,0.8281716363498723,9.868296505532276,0.06808729048923898,6.985032224360903e-06,6.559055232222223,0.803858938076299,8.246738188518337e-05,146.9568827736133,1.8616888307142607,2.8076436894517234,2.301272673281487,29.986615091010222,150.16161872773333,2.0665181257448695,3.054572765345194,2.2604979222559076,28.51654835943964,148.93394005126038,0.0020238968830136026,2.9326003169657655,2.3272875294408832,28.97370023007261,0.015074242670587849,0.04550340865060747,0.02722187316470887,0.007782791902807851,0.19636018869886643,0.03563842558516422,0.1177642737183832,0.05412148521844995,0.012039447690798025,1.9850173387773125,0.02325778594200575,9.120383043458042e-05,0.06370059534144543,0.005205264589484393,0.559157053621337
61,hexan-2-one,CCCCC(C)=O,2.271790482605983,2.000404955857274,9.018461359267079,-3.6686008383676723,-5.436591652903567,0.025585647154627723,3.5630798453787467,3.444225630829952,1.7651951067294347,2.970589356688948,0.1036055601743947,6.1407240702790565e-06,5.267832368631579,0.8641464788067318,5.121814962173086e-05,115.907063804606,1.0521446539356594,0.6703118686958137,10.279135666985699,50.83326539291754,118.60144003147468,1.07362143023319,0.7367559163213706,9.915379954835272,48.21216675920277,117.53489212785769,0.0011269964255875618,0.7160741651991562,9.703028395052328,49.84899908953821,0.006869813629079213,0.029956531041636134,0.0023444004425114935,0.14134099180392304,0.06926272092160501,0.020900016823286675,0.016822216066549944,0.017866471661499725,0.07299573728427305,1.0115231005264549,0.028351845710715282,5.896392713516473e-06,0.014216674823144747,0.17116694111563593,1.220808320925613
62,N-propan-2-ylpropan-2-amine,CC(C)NC(C)C,2.524429227155035,4.32823168048046,12.178097013605788,-0.2940992588637279,-8.007805519838945,0.02087422670247769,4.171386749593914,4.362465441995268,0.35403838030416995,6.019596322504685,0.11645285244474392,1.0428205071629699e-05,4.5963840672727265,0.7850509854960414,7.030031894085403e-05,128.89843373720637,1.0459119498378768,0.7741050740173022,1.1619009655543389,47.16757283088273,132.23665449222,1.0932294533793867,0.881448759015425,1.1584938437459003,43.670522332961355,130.9134645753228,0.0011330607783236418,0.8519963289523789,1.1608397302437046,48.06563952175429,0.01154233745328491,0.022350118544510522,0.003753885784455613,0.0019016841258083263,0.2797480205192533,0.017730214052250164,0.02810774069365509,0.02706042929939742,0.002569630816379157,1.8482793990198845,0.01124464973468833,4.6307088367404115e-05,0.026793585361325808,0.00316130081483662,1.4380390930300735
63,dichloromethane,ClCCl,0.4995789978251794,5.431834680768188,0.9606462729470965,-0.9761534260409066,-2.6019998931508175,0.015084569080621299,3.7258517060029788,3.062841088878772,1.9756850445243803,2.1126152489734316,0.029314347787723283,2.179733352359933e-06,16.7906710848,1.2305189294227403,9.149796443011024e-05,69.02151553964264,1.432658044366644,1.383662716754952,5.207560112837751,25.647642366262218,69.3680638176737,1.5149474873816675,1.3970837497266506,5.1572177550336,24.997214862255646,69.284010877898,0.0015777651460478377,1.37255467408607,5.325291042311338,25.98812066179312,0.005132996058536224,0.02325146382865583,0.0029855407935732814,0.08258929762654288,0.07435789397244184,0.006447674007825698,0.036368758757219885,0.03018368430652128,0.0421939417077303,0.36969934007950606,0.010338473988727833,2.4246068139536976e-05,0.001892905933419935,0.04032326100289995,0.7206414289679515
64,"ethane-1,2-diamine",NCCN,2.2265516098787086,10.03872522183283,16.20867352718026,-47.9383625457913,-3.2574149087097624,0.017554310074773698,6.7105812070593895,2.6015578418316325,2.5346847789816134,2.763200494100944,0.1290743906402674,4.812934396305195e-06,5.005729021333333,0.969167134708353,3.613836807803751e-05,62.01097633048101,0.9861290602156512,0.4727063417831027,38.789882363655096,46.3562628752278,63.423124939864955,1.0961706163538893,0.5641471040996581,26.22029992500997,44.89388284242011,62.87868900493362,0.0010228082030067438,0.5007048949810334,31.420789506193298,44.7118267352987,0.002312221969071306,0.03602981916673306,0.00332137561105825,0.4179504162444694,0.12653612902933112,0.007700917929895438,0.04534776901950449,0.010108695263011858,0.36538555191969363,0.8725963234976835,0.008928852314059717,1.5085084235258168e-05,0.017519231425987682,0.7382341871763775,1.063281437799992
65,methanamide,NC=O,1.42549069758385,7.299643888855392,1.2190938486884697,3.726065010589971,-2.5415622919922187,0.019305338674212618,2.9465479000232446,2.0109921824580526,1.167517385836872,0.9970958042567771,0.07897094847022919,2.6089403545860983e-06,7.503577286,1.1851292303901764,3.9152771170402066e-05,38.00510441604065,0.8712970727266548,0.34750395875585693,52.087888085489865,51.61574489549285,38.5546980502282,0.939906931621707,0.35179264120492487,54.10383204054082,50.33641358858415,38.36624888286942,0.0009124900864055133,0.3565073390510725,54.27678945250972,51.59145607836081,0.0012555990630907475,0.012725769282898262,0.002317617091306387,0.43910756427794434,0.1672203209082069,0.005187650354131332,0.017393349071859222,0.004726389732467835,0.32108691556483854,0.3346216152639051,0.0022712606102259624,6.237458579560069e-06,0.010278770819477692,0.32866445978197595,0.38591906990728175
66,"1,4-dichlorobutane",ClCCCCCl,1.1295032165046648,6.361003771658192,6.181977807834809,-4.722227604842254,0.7804396111255527,0.020431344949602255,3.3312842416805384,1.785397818453173,0.8423571983061692,2.596731307658387,0.07532117496671685,2.245883908560974e-06,9.000021829714285,1.1863113831453165,3.537275735709241e-05,107.06541481715021,0.9081622352549971,0.5463785909261107,6.54643028284311,52.4982251404836,108.28853732939154,0.9698547312920924,0.5823812719127426,6.251232840028328,52.91116482952111,107.86583619914316,0.0008975092197091277,0.5514654065689961,6.492838196514611,51.963754763502266,0.003192291674982236,0.005023077878475491,0.003983447239388866,0.04996650995814467,0.15450298242420654,0.015480895525891577,0.02256784742458522,0.006791423316494661,0.01175121876928387,0.9653748132011458,0.0036370427307048543,2.3349114812675306e-06,0.012146391578297399,0.06139302102699556,1.0190582167969953
67,ethyl_acetate,CCOC(C)=O,2.258980137127469,13.427093044177258,5.626065235148541,0.5890527313657389,0.46039848873420464,0.04600490259196898,4.151100323506618,6.581271964729582,1.676566103211956,3.963041946189844,0.08287620731504042,3.9258451568817965e-06,6.289459249714286,0.9121814251879345,4.321002548606844e-05,96.5885931901706,1.3473531425380316,1.094655176161848,6.482208667294066,37.23831080563037,98.82093856364631,1.556321937099296,1.1599126166450149,6.520618548958648,37.410548405114696,97.96745871351156,0.0014769423089719957,1.147995571172936,6.499950252954471,35.56274040432231,0.004575384420362095,0.030163866312283984,0.007196521297551638,0.08977052316310005,0.18734504797213578,0.0319836100944248,0.04039728113860093,0.05373801372731459,0.04411721813816989,1.039949979217981,0.006852321324181231,3.568892001098958e-05,0.019918903145298855,0.04657521971873518,0.7566292999885166
68,methylsulfinylmethane,C[S](C)=O,1.0991477428636656,0.4385025123049145,2.963075572022123,-5.695894855881014,-1.404257364677446,0.009364901764013117,3.90859327743576,1.894905531403573,3.453078466109183,1.4861611465296818,0.09231721526575871,2.7980421578043764e-06,7.8013935812,1.2003382176809145,3.638104688303677e-05,65.09418684200534,0.6906090439654857,0.2651767163593963,37.34584771697488,64.06535755785427,65.81761972360393,0.693650719798423,0.2732740324598953,35.33330009448037,63.17817340494662,65.5782353930272,0.0006926939546176761,0.26889238862532505,36.99312926004312,62.51577052073253,0.0019728326786964154,0.009609080725229018,0.0011405394429811983,0.47095688522039364,0.05407030417085249,0.004129153195827289,0.017926590865310954,0.0035716804730612636,0.7958677237656923,0.6628215992122524,0.005960204801582131,2.603835913383508e-05,0.005598947424857625,1.143887230789348,0.7727328444292202
69,heptan-2-one,CCCCCC(C)=O,2.1871488497606912,3.7815910002443314,9.350444437518718,-4.971421445129486,-1.5751742992319253,0.01181905085450368,6.920465029426056,2.6395280003476413,2.2797279770825614,2.2456092068442093,0.10707811051753421,3.0721146745315685e-06,5.186566593999999,0.872720751506816,2.5038714397498393e-05,130.84089049656478,0.98372452160025,0.6141014378802501,8.72229482663823,58.29774076582363,133.76656437055988,1.0223870170236842,0.6774456135716775,8.309209027142245,57.39369010983273,132.64297851208386,0.0009903995978464456,0.649119293471268,8.795953675194827,55.92916963753123,0.0037539599272047846,0.021886250673294725,0.006107329056407282,0.08143836271109041,0.16892463033192973,0.010859602500629322,0.04757684041588769,0.011883682201476916,0.12093493887482648,0.9034843196789896,0.010006252136376561,1.384317935841994e-05,0.011918176894808313,0.07793747312038488,2.509324251067868
70,"1,1,1,2,2-pentachloroethane",ClC(Cl)C(Cl)(Cl)Cl,0.17728005462375457,-3.5130016127236376,0.010006028694112165,-2.0612176436398473,-0.5125925568031411,0.016736444648869878,3.428598847324064,2.223087253362235,1.7123534315845077,2.9738035691980325,0.007806852309652074,3.221828161047369e-07,24.981511054,1.5602157381641495,6.438890865543465e-05,129.65735191961633,1.2086700269772366,1.3135857795338455,2.363043170904617,34.2898735199162,129.88761675755362,1.1676504479111434,1.3137172304568845,2.315319398946907,34.11500255606063,129.8926886412612,0.0012438639820189154,1.3162304821929012,2.3473527462812775,34.17606861992351,0.0053511967164946075,0.014517525659839417,0.021683496609845712,0.017651995798835054,0.07163619040348287,0.014898491191007432,0.026381495332269324,0.013834064656456143,0.025102272162961264,0.7155785126146882,0.005517892377426847,5.5622637293051715e-05,0.01380654859818811,0.022440776474623,0.4576840258393507
71,methylsulfanylmethane,CSC,1.4631224228102209,9.754807900692873,6.122133986588163,-3.3987528361657184,-1.7613865567484939,0.007468247581842413,4.895803846455817,4.718662604928535,2.3839047657117303,5.300757824323757,0.08625540123837779,2.5841089125394123e-06,6.891002354666666,0.8915792595545691,2.6710650901536314e-05,69.69166173555432,1.14465020746647,0.8863478185661814,4.919884088128783,31.045642391187123,70.72647667464469,1.268378049665937,0.9441499431181718,4.758165793280205,30.50827375850872,70.36369910372039,0.0012421595254055186,0.9161625009081326,4.870963015509236,31.633046884315036,0.0020879688272108154,0.009727170121526763,0.003333992662057632,0.02881105422902592,0.05260658218831145,0.00343075866432843,0.043367366737723345,0.03141415601488978,0.07757680086741885,1.1429064732118517,0.006465370072823566,2.243165936285719e-05,0.022759662800146546,0.06007623840648925,0.6184474266784834
72,methyl_acetate,COC(C)=O,2.278355209041227,12.596369590786017,8.90432554455124,-1.8401354238668017,-1.0197557080829973,0.02031146380875595,3.3043261794530854,3.967710741320832,1.8973342603988868,3.4922556952015293,0.07554258349963233,7.824152149575802e-06,6.730616312,0.9321549320476203,9.65458378234254e-05,79.47116926319906,1.5326683857524297,1.2699726207700501,7.920205035369182,31.54144160177801,81.32401929296195,1.7535523165075046,1.394108587879376,7.777095938064747,31.223042840178096,80.61546166551439,0.0015498694855448348,1.3428548017855626,7.819852285952642,31.24645810190782,0.00823195249032733,0.026801801733460712,0.018922191501432845,0.10160089055430895,0.08753594156729981,0.010126266449107397,0.03632536924449934,0.03675330576011691,0.0756653042222436,0.7685325373680386,0.00978042069768768,6.0419933746555295e-05,0.02841755021408864,0.04611607498663979,1.038312590069337
73,2-methylbutan-2-ol,CCC(C)(C)O,2.7301065891074585,8.214183340093006,8.993722288740898,-1.6985652558424331,-3.5520517937334093,0.036545637909868575,7.93147063058275,2.038302661169965,2.5652686684235255,3.429295961172398,0.11678330386975032,1.7646214566909955e-05,4.893823055777777,0.8572752375115293,0.0001295361775421184,102.8254196322419,1.0576848118833313,0.6840943242515033,3.73476565713781,54.570442841677334,105.7114550314982,1.152340144014145,0.7517001480073375,3.6723877546770534,52.69856260344977,104.55608081018346,0.0010623737947848674,0.747789031218555,3.644151288975772,51.000063548965045,0.015536078951716374,0.045158049696681954,0.00677314707592094,0.0634544767870177,0.2669511038238878,0.025011329333595966,0.0561883316429075,0.009718174660220246,0.049236242777538256,1.2638575164733437,0.01990836213326357,7.8824009992362e-05,0.013563208935738058,0.08330521848554602,1.0521871658763327
74,methyldisulfanylmethane,CSSC,1.046860452187659,2.921869444694138,1.778514392480066,-1.063951088289016,-0.8357865245199655,0.01884756116826347,4.132405876501064,4.391051731136749,1.6945164958777321,4.778897415638331,0.06811008377158222,5.0613231716466246e-06,9.3991092192,1.0669568604966047,7.928654880662397e-05,88.29001907059887,1.0110512691201892,0.7047164785392289,8.572397349945733,40.12787131442817,89.22407057932584,1.0414820138550038,0.7174769086217885,8.482151407732838,39.795267828520764,88.91045768242097,0.001014820413196196,0.7181497777398936,8.429383635702877,40.88129003255085,0.0065616490583892744,0.016163829346382348,0.007290547888275551,0.09173410281906609,0.10870888827467408,0.010948550015719222,0.028204811505393196,0.02167255423341461,0.0782418861019965,1.3425592401045299,0.007011641541971488,2.3573568478025165e-05,0.01966326368567457,0.05845795561809437,0.7209620114803009
75,1-bromobutane,CCCCBr,1.6842797713604982,5.156753371017106,7.412987897125973,-0.486622302875192,-2.2020229166933105,0.009789939776284739,3.271320395417847,4.682117499999008,2.249347132942778,1.6657696902913788,0.08853850912549178,2.6342488415141093e-06,9.713483027714286,1.3378046977393634,3.980313775328071e-05,102.42112364786357,1.0232457478694654,0.7188900395423219,4.592347729033231,42.593419259718225,104.17573447021157,1.078880979130015,0.7764480386769135,4.570108561507328,41.67571056243855,103.51201971798804,0.0010800780461668142,0.7614311246840154,4.534954233986443,40.58762168982321,0.0030471312662458043,0.014000817649048833,0.003477712896697589,0.057744997856633846,0.20425603291329741,0.006882198871685052,0.022908721957182594,0.02558841594531649,0.06013677328157929,0.4691602937307412,0.009459917599761168,2.622132127993764e-05,0.007102715353154083,0.08088954119092616,1.3735260567038057
76,propanenitrile,CCC#N,1.82258089139966,12.126685615190581,6.261029823314151,-2.6690594729999444,-1.9948423901977645,0.014788736144809888,1.3177798515074162,1.271275066195683,2.760100376951169,3.397914370765724,0.07497685112572942,4.696947709916106e-06,6.115799906666666,0.8253781544104137,5.170606625866164e-05,66.73237031315583,1.145895597307375,0.7750628128185926,22.520294770763982,39.96817629602219,67.97120042373376,1.3040313835089223,0.8268309448649791,21.9348408238671,39.18646802072351,67.53513995639764,0.0012425182282387556,0.8284889574008357,21.89136048546672,41.18343687754884,0.004180714141992512,0.013792682662158455,0.0051459058735626355,0.4267879903097716,0.09460398240288831,0.0064639759995901306,0.007247785660617281,0.006481010291875249,0.303636111277404,0.9391492416312313,0.01201360631626063,2.576620135137166e-05,0.01048290412477566,0.27180725366297925,0.18233762211137547
77,"N,N-dimethylacetamide",CN(C)C(C)=O,2.0566173513633488,0.25989878498707225,10.416666644980666,-0.8190733807350598,-1.029309643904221,0.010357363162744375,7.707630128949406,1.4088418835232142,2.3231329528249796,3.961529230277955,0.0995953004664257,5.821450189799753e-06,5.8045609272,0.9635116493669309,5.631827051892111e-05,90.42091079045446,0.9867502819125957,0.5954223357523685,17.38774095276704,49.694444690707456,92.31957110857769,0.9893215165136303,0.6646574909115135,17.24647962901191,49.18814635660124,91.58380434232889,0.001050346860181497,0.5999712282274346,17.753846518523737,48.07193470950892,0.005285264502880437,0.02439505216040118,0.0061837675333678305,0.21786949037269648,0.18756625281616768,0.005634509702881124,0.05108541152156447,0.004972173145204235,0.23776063610020753,1.3714721572828212,0.009333182583349984,3.325727725462177e-05,0.018554840840268004,0.3607452286393274,0.879611280071582
78,N-methylformamide,CNC=O,1.5691152555565029,4.548304937206616,4.221553303311081,1.012622062072945,1.246564690542309,0.024954951464421317,4.629262944579826,4.372004696178128,3.57304711782476,3.1391076590049405,0.09124139561478288,2.9200722522330373e-06,6.559679308888889,1.0773257308711859,3.4478527560180536e-05,54.828208859100386,0.8533567956607586,0.3724001300478226,24.627657450690656,55.425078831534805,55.70224122383039,0.8940195300873112,0.3888141256113068,24.87959370550673,56.12470964463421,55.415421081216465,0.0008811777907766463,0.3806830267316742,23.747617143995658,54.62673269557331,0.00175460278672291,0.021452608596616723,0.0018218067993402724,0.8121879471677146,0.09082666547073859,0.00975049637615457,0.025026278125678442,0.011950859034007505,0.25553856779078615,1.2441348036148023,0.006355239596120622,2.8153385587705177e-05,0.009615782226956169,0.5011361698067367,0.6994459312739308
79,"1,3-dichloropropane",ClCCCCl,1.0134759531821613,4.171467109626136,4.260404060844575,-1.2743465971373802,-2.9232462903933922,0.016894550585765795,3.483365315133552,1.6220207405640095,1.6216664256987052,2.574176375632505,0.06539957794888679,2.806559640932673e-06,10.180423231999999,1.2206248683087102,5.2381935779331694e-05,92.56409856762687,0.9709795423191054,0.6514624630915092,6.433433194393793,43.97740915759999,93.51181836008976,1.0132467992908634,0.680452488545625,6.352480574360615,42.728354130533035,93.18642474896689,0.0010291585605976886,0.6572023553127627,6.4399768143135665,42.85737773985079,0.003972259867142822,0.016703551501568707,0.005501487068664268,0.048763855147605374,0.19083217200469407,0.010812276359053517,0.021985615448837367,0.006765751468315061,0.064165379650179,0.7659536952365856,0.00997522986325758,2.4747570201922295e-05,0.012019610515964351,0.04637329781649387,1.2343695862550743
80,"1,1-dichloroethane",CC(Cl)Cl,1.0847727928391855,7.859833361073117,3.8229675442287863,-1.122387624416878,0.634284399685326,0.01574172141695313,3.768736261345904,1.5332457611543853,2.028155007897627,2.0010596996176586,0.04850230787587967,5.168616129541381e-06,12.246125686,1.1879307166181803,0.00012659104549010122,83.30381729087041,1.1924719134743276,1.0130513241750878,5.757856449459753,32.1814515984978,84.21738456547746,1.2941933545088016,1.053319382297388,5.6939482786396045,32.38687650370616,83.90185858759801,0.001270601647541763,1.0658719491208328,5.642437408806782,30.617554936049146,0.00887733580700758,0.017631461085041898,0.0029098444705132325,0.04864961520697016,0.08327321910181859,0.006962327643584531,0.03215669666268136,0.011232864518188569,0.0740585231582483,0.45446353448236704,0.0016115388520112637,2.3793453790040617e-05,0.03437755397867992,0.04670810249375743,0.9002041142461786
81,pentan-3-amine,CCC(N)CC,2.8101887231804716,6.889282200812837,13.105790432756868,-7.541427876928563,-8.022862716925092,0.028489415231779117,5.811209069792778,2.1897708911877105,1.0331638992222882,2.8304963936070475,0.1218770568000631,1.0714448470532076e-05,4.584463127157894,0.8166212758447642,7.179076037528956e-05,106.73853914839327,1.1138667428112752,0.6755393110595072,3.8793359529322298,48.09753296405589,109.82482396675996,1.1962819846513943,0.7774273043323338,3.607294444120436,44.525327096816454,108.60232039130901,0.0012403303527472984,0.732889681783333,3.7239314040090585,46.81108346124802,0.009384527855111445,0.018540278866955893,0.0041118801896223136,0.009973231256376397,0.2830187168131417,0.02110565976598735,0.04737653722873961,0.01168128466741497,0.025392249728865727,0.8683967090554373,0.015390477722862927,3.087151630703057e-05,0.003209797002978836,0.024754766904564008,0.9641513915932958
82,acetyl_acetate,CC(=O)OC(C)=O,1.628077391625503,10.996436105916223,6.713207954613606,-2.988072536638469,0.06694713954763461,0.026516248554378872,2.524460632947302,4.571701507756066,2.7253114321734926,3.205428239056373,0.0617684767479082,6.43788139590633e-06,7.848591850153847,1.050390386933441,0.00010947799082169624,97.19228640749802,1.1033166734747641,0.7847318898406253,67.32180383207103,55.81517625893492,98.80084055531506,1.23963201607043,0.8412036394807458,65.36854431188718,55.852567955545055,98.21834402371115,0.0011604984656278059,0.8118279536486136,68.0291233652505,54.51443656536503,0.010128421416956272,0.011783578858665473,0.0051065805043203965,1.2714349665138962,0.16712644355134365,0.017084565678374786,0.020499549960712057,0.026952627481634104,0.8823782037661777,1.2604151931982077,0.011707938732004725,2.5479135414131007e-05,0.02018787046616339,1.0230885173452193,1.711527662811555
83,methanol,CO,2.5193210432026962,18.205645041633844,11.596890812201574,-6.261326619638164,-3.3439497456132674,0.017196154555677655,4.477506736212371,2.8780126953945033,1.431890706103325,3.137629434335546,0.09827481109674739,4.4148007900647575e-06,5.337702458,0.7868425511258914,3.53473395430635e-05,40.72245476320043,1.3157907103391258,1.2148332059269227,18.526381434439845,32.08109351426643,41.77489857374538,1.60865711455133,1.3741973750563474,17.434735687758657,31.043030185352677,41.386990125598636,0.001520130973702989,1.2772376082459285,17.67335448053169,31.088956389186706,0.0018293251958400342,0.045707822508002156,0.008045014602421704,0.1286764036517577,0.05777354545345776,0.004912167138114123,0.03936234842178863,0.02738107572683171,0.1512707641579911,0.687520155836862,0.00350541975865213,4.122608863733637e-05,0.013156499091120396,0.15100773085432292,0.7700605672164528
84,acetonitrile,CC#N,1.494060616828421,10.491254037742166,4.714156915538472,-1.8121496833409931,-0.9790525936922634,0.02028707739050812,2.9061197905272462,2.04337087050402,1.6757340756580956,2.611071671335743,0.05914971550530449,4.931223115255062e-06,6.837758182666666,0.8089029023976023,6.743702241378061e-05,50.75091303833928,1.1624658718599195,0.8054466774202099,26.493113326474038,36.0095678708874,51.52066297335305,1.298717638553537,0.8452952205148258,26.021563643311396,35.66043347205732,51.275299089787964,0.0013741193681296592,0.8498282804467451,26.51010107581476,37.15342861059116,0.004231310621920577,0.017266252141427307,0.002053968912417425,0.19218788931169847,0.19618602759075587,0.006757998337227833,0.02373138233823346,0.012126851018291189,0.2767718773349243,0.643620432264655,0.004350733515833691,4.185498356484305e-05,0.02162409558222228,0.3355662065795291,0.23004094191469804
85,bromomethane,CBr,1.448757754123209,14.329700035046114,2.849187730285779,-0.10080867686920847,-1.797772361789168,0.0328001912926541,3.659294338094844,2.7972997063308784,1.255418314528536,3.8040789839812663,0.0532653464981501,7.153388504527131e-06,18.7883624392,1.667947725761361,0.00022400075981910433,56.9195447015232,1.509057070300965,1.4548721033179677,6.029483595810682,23.069285377105622,57.75629348183545,1.761470510688409,1.4975398242465434,6.02341147440095,22.661876426055187,57.455902089810984,0.001759379626266845,1.4804351974992234,6.059562874201894,22.866775047250258,0.007643244709669232,0.02935054514812836,0.006605054091853727,0.04546336760651437,0.08836094673292985,0.01225688718842422,0.04057893980149283,0.02925065887146084,0.04272772520046602,0.6063690372011956,0.008092419164676384,4.592917011713243e-05,0.011972623680181255,0.01829125560759258,0.3755739092920472
86,"1,2-dichloroethane",ClCCCl,0.793741394892484,13.407566367574532,6.308489770187659,0.891243905538667,3.166426056840212,0.012896755468829813,2.2757863814954233,3.876109561060168,1.9879036840999662,2.261966676353112,0.05129271243287211,3.2261182796133076e-06,12.246125686,1.2562740064576134,7.901489986009331e-05,78.77195632937938,1.0391671094143318,0.8338276821760148,7.117841977886579,33.66265667212734,79.40220449491268,1.2000668716916676,0.8899714393873581,7.181849776323,34.76341448668097,79.21540860933698,0.0012331027193782061,0.8429944509783683,7.128807117377254,33.07276811448912,0.004954397142631855,0.010917376082821605,0.006972652299789633,0.06778512699963804,0.3112528532011798,0.006337107383171477,0.017701685655516695,0.023889062659266717,0.08884804882985438,0.5106110579540115,0.011742272260209298,1.748734945264352e-05,0.02091607034721764,0.08047584525911924,1.6102551253955502
